Serogroup,Year,Carriers,Tested,Age group,Prevalence
B,2018,58,2560,14-21,0.02265625
C,2018,7,2560,14-21,0.002734375
